,user_id,purchase_value,age,ip_address,class
count,151112.0,151112.0,151112.0,151112.0,151112.0
mean,200171.04096961193,36.93537243898565,33.14070358409656,2152145330.958826,0.09364577267192546
std,115369.28502413434,18.322762148662108,8.61773349096147,1248497030.1004257,0.2913362380721446
min,2.0,9.0,18.0,52093.4968949854,0.0
25%,100642.5,22.0,27.0,1085933882.53156,0.0
50%,199958.0,35.0,33.0,2154770162.40662,0.0
75%,300054.0,49.0,39.0,3243257679.7225223,0.0
max,400000.0,154.0,76.0,4294850499.67884,1.0
