,Model,ROC AUC
0,Logistic Regression,0.8351092506545545
1,Random Forest,0.8423805235636403
2,XGBoost,0.8392114309464167
